{
  "$schema": "https://schema.management.azure.com/schemas/2015-01-01/deploymentTemplate.json#",
  "contentVersion": "1.0.0.0",
  "parameters": {
    "app_id": {
      "type": "string"
    },
    "app_pass": {
      "type": "securestring"
    },
    "accountName":{
      "type": "string"
    }
  },
  "variables": {
    "sku": "Free",
    "credentialName": "DefaultAzureCredential"
  },
  "resources": [
    {
      "name": "[parameters('accountName')]",
      "type": "Microsoft.Automation/automationAccounts",
      "apiVersion": "2015-10-31",
      "location": "[resourceGroup().location]",
      "properties": {
        "sku": {
          "name": "[variables('sku')]"
        }
      },
      "resources": [
        {
          "name": "[variables('credentialName')]",
          "type": "credentials",
          "apiVersion": "2015-10-31",
          "location": "[resourceGroup().location]",
          "dependsOn": [
            "[concat('Microsoft.Automation/automationAccounts/', parameters('accountName'))]"
          ],
          "properties": {
            "userName": "[parameters('app_id')]",
            "password": "[parameters('app_pass')]"
          }
        }
      ]
    }
  ],
  "outputs": {}
}