{
  "$schema": "https://schema.management.azure.com/schemas/2015-01-01/deploymentTemplate.json#",
  "contentVersion": "1.0.0.0",
  "parameters": {
    "app_id": {
      "type": "string"
    },
    "app_pass": {
      "type": "securestring"
    },
    "jobid": {
      "type": "string"
    },
    "sastokenurl": {
      "type": "securestring"
    }
  },
  "variables": {
    "runbookName": "Shutdown-ARM-VMs-Parallel",
    "sku": "Free",
    "accountName": "task9automationaccount",
    "credentialName": "DefaultAzureCredential"
  },
  "resources": [
    {
      "name": "[variables('accountName')]",
      "type": "Microsoft.Automation/automationAccounts",
      "apiVersion": "2015-10-31",
      "location": "[resourceGroup().location]",
      "dependsOn": [],
      "tags": {},
      "properties": {
        "sku": {
          "name": "[variables('sku')]"
        }
      },
      "resources": [
        {
          "name": "[variables('runbookName')]",
          "type": "runbooks",
          "apiVersion": "2015-10-31",
          "location": "[resourceGroup().location]",
          "dependsOn": [
            "[concat('Microsoft.Automation/automationAccounts/', variables('accountName'))]"
          ],
          "tags": {},
          "properties": {
            "runbookType": "Script",
            "logProgress": "false",
            "logVerbose": "false",
            "publishContentLink": {
              "uri": "[parameters('sastokenurl')]",
              "version": "1.0.0.0"
            }
          }
        },
        {
          "name": "[variables('credentialName')]",
          "type": "credentials",
          "apiVersion": "2015-10-31",
          "location": "[resourceGroup().location]",
          "dependsOn": [
            "[concat('Microsoft.Automation/automationAccounts/', variables('accountName'))]"
          ],
          "tags": {},
          "properties": {
            "userName": "[parameters('app_id')]",
            "password": "[parameters('app_pass')]"
          }
        },
        {
          "name": "[parameters('jobid')]",
          "type": "jobs",
          "apiVersion": "2015-10-31",
          "location": "[resourceGroup().location]",
          "dependsOn": [
            "[concat('Microsoft.Automation/automationAccounts/', variables('accountName'))]",
            "[concat('Microsoft.Automation/automationAccounts/', variables('accountName'), '/runbooks/',variables('runbookName'))]"
          ],
          "tags": {
            "key": "value"
          },
          "properties": {
            "runbook": {
              "name": "[variables('runbookName')]"
            }
          }
        }
      ]
    }
  ],
  "outputs": {}
}